INSERT INTO BUS_STOP
VALUES
    ('Al Nahda Park', 'Al Nahda'),
    ('King Faisal Mosque', 'Al Soor'),
    ('Corniche Plaza', 'Majaz'),
    ('Rolla Square', 'Rolla'),
    ('Expo Centre', 'Al Khan'),
    ('Al Qasba Promenade', 'Al Qasba'),
    ('Al Majaz Waterfront', 'Majaz'),
    ('Al Jubail Souq', 'Al Jubail'),
    ('Sahara Centre', 'Al Nahda'),
    ('University City Roundabout', 'University City'),
    ('Al Taawun Mall', 'Al Taawun'),
    ('Al Khan Lagoon', 'Al Khan'),
    ('Central Souq', 'Al Ittihad Square'),
    ('Al Ittihad Park', 'Al Ittihad Square'),
    ('Sharjah Aquarium', 'Al Khan'),
    ('Safa Park', 'Al Safa'),
    ('Al Mamzar Beach Park', 'Mamzar'),
    ('City Centre Sharjah', 'Al Nahdha'),
    ('Al Montazah Park', 'Montazah Al Jazeera'),
    ('Al Dhaid Oasis', 'Al Dhaid'),
    ('Al Qasimia University', 'University City'),
    ('Al Jazeerah Park', 'Montazah Al Jazeera'),
    ('Al Layyah Park', 'Layyah'),
    ('Al Dhaid Wildlife Centre', 'Al Dhaid'); 
   
    
INSERT INTO ROUTE
VALUES
    ('R001', 'Sharjah Aquarium route', 'Al Nahda Park', 'Sharjah Aquarium', 7),
    ('R002', 'Al Taawun Mall route', 'King Faisal Mosque', 'Al Taawun Mall', 3),
    ('R003', 'Sahara Centre route', 'Corniche Plaza', 'Sahara Centre', 4),
    ('R004', 'University City route', 'Rolla Square', 'University City Roundabout', 5),
    ('R005', 'Al Jubail Souq route', 'Expo Centre', 'Al Jubail Souq', 4),
    ('R006', 'Al Khan Lagoon route', 'Central Souq', 'Al Khan Lagoon', 2),
    ('R007', 'Central Souq route', 'Al Ittihad Park', 'Central Souq', 8),
    ('R008', 'Al Majaz Waterfront route', 'Al Qasba Promenade', 'Al Majaz Waterfront', 5),
    ('R009', 'Expo Centre route', 'Al Jubail Souq', 'Expo Centre', 4),
    ('R010', 'Rolla Square route', 'Al Dhaid Oasis', 'Rolla Square', 6);


INSERT INTO BUS
VALUES
    ('ABC123', 50, 'Transit XL', 2020, 'Ford', 'Diesel', 'R003'),
    ('DEF456', 45, 'Sprinter', 2021, 'Mercedes-Benz', 'Hybrid', 'R001'),
    ('GHI789', 55, 'Citibus', 2019, 'Volvo', 'Petrol', 'R005'),
    ('JKL012', 40, 'Enviro200', 2022, 'Alexander Dennis', 'Electric', 'R002'),
    ('MNO345', 60, 'Coachliner', 2018, 'MAN', 'Diesel', 'R004'),
    ('PQR678', 48, 'City Transit', 2020, 'Toyota', 'Petrol', 'R006'),
    ('STU901', 52, 'Urban Cruiser', 2021, 'Nissan', 'Hybrid', 'R007'),
    ('VWX234', 44, 'Express Shuttle', 2019, 'Mitsubishi', 'Diesel', 'R008'),
    ('YZA567', 38, 'Metro Sprint', 2022, 'Isuzu', 'Electric', 'R009'),
    ('BCD890', 57, 'Super Coach', 2018, 'Scania', 'Diesel', 'R010');
      
    
INSERT INTO DRIVER
VALUES
     ('John', 'Smith', '123456789', '0501234567', 'GHI789'),
     ('James', 'Johnson', '234667891', '0523456789', 'DEF456'),
     ('Michael', 'Brown', '345478901', '0567890123', 'ABC123'),
     ('David', 'Davis', '456779012', '0589012345', 'JKL012'),
     ('Robert', 'Miller', '562890123', '0545678901', 'MNO345'),
     ('Daniel', 'Wilson', '672901234', '0502345678', 'VWX234'),
     ('Christopher', 'Taylor', '890123456', '0564567890', 'STU901'),
     ('Andrew', 'Martin', '212345778', '0546789012', 'BCD890'),
     ('William', 'Johnson', '922234567', '0583456789', 'YZA567'),
     ('Thomas', 'Brown', '999245463', '0545678901', 'PQR678');

INSERT INTO PASSENGER
VALUES
    ('Emma', 'Johnson', '666654321', '0501111111', 'ABC123'),
    ('Liam', 'Smith', '777543210', '0522222222', 'DEF456'),
    ('Olivia', 'Davis', '555432109', '0563333333', 'GHI789'),
    ('Noah', 'Miller', '333321098', '0584444444', 'JKL012'),
    ('Ava', 'Brown', '676210987', '0545555555', 'MNO345'),
    ('William', 'Taylor', '232109876', '0506666666', 'PQR678'),
    ('Isabella', 'Moore', '118098765', '0527777777', 'STU901'),
    ('James', 'Wilson', '784987654', '0568888888', 'VWX234'),
    ('Sophia', 'Anderson', '254876543', '0589999999', 'YZA567'),
    ('Alexander', 'Martin', '443456788', '0541010101', 'BCD890'),
    ('Ella', 'Harris', '888567851', '0502020202', 'ABC123'),
    ('Mason', 'Jones', '899678612', '0523030303', 'DEF456'),
    ('Harper', 'Clark', '333389423', '0564040404', 'GHI789'),
    ('Benjamin', 'Jackson', '111221234', '0585050505', 'JKL012'),
    ('Grace', 'Allen', '654111345', '0546060606', 'MNO345'),
    ('Henry', 'Turner', '780227776', '0507070707', 'ABC123'),
    ('Amelia', 'Evans', '871239997', '0528080808', 'DEF456'),
    ('Oliver', 'Carter', '915556678', '0569090909', 'YZA567'),
    ('Chloe', 'Cooper', '166656789', '0581011122', 'STU901'),
    ('Lucas', 'White', '129666756', '0541212121', 'STU901');
    
INSERT INTO HAS
VALUES
    ('R001', 'Al Nahda Park', 1),
    ('R001', 'King Faisal Mosque', 2),
    ('R001', 'Corniche Plaza', 3),
    ('R001', 'Rolla Square', 4),
    ('R001', 'Expo Centre', 5),
    ('R001', 'Al Taawun Mall', 6),
    ('R001', 'Sharjah Aquarium', 7),
    ('R002', 'King Faisal Mosque', 1),
    ('R002', 'Rolla Square', 2),
    ('R002', 'Al Taawun Mall', 3),
    ('R003', 'Corniche Plaza', 1),
    ('R003', 'Rolla Square', 2),
    ('R003', 'Expo Centre', 3),
    ('R003', 'Sahara Centre', 4),
    ('R004', 'Rolla Square', 1),
    ('R004', 'Al Ittihad Park', 2),
    ('R004', 'Al Nahda Park', 3),
    ('R004', 'Al Jubail Souq', 4),
    ('R004', 'University City Roundabout', 5),
    ('R005', 'Expo Centre', 1),
    ('R005', 'Al Majaz Waterfront', 2),
    ('R005', 'Sahara Centre', 3),
    ('R005', 'Al Jubail Souq', 4),
    ('R006', 'Central Souq', 1),
    ('R006', 'Al Khan Lagoon', 2),
    ('R007', 'Al Ittihad Park', 1),
    ('R007', 'Al Jazeerah Park', 2),
    ('R007', 'University City Roundabout', 3),
    ('R007', 'Al Majaz Waterfront', 4),
    ('R007', 'Expo Centre', 5),
    ('R007', 'Al Nahda Park', 6),
    ('R007', 'Rolla Square', 7),
    ('R007', 'Central Souq', 8),
    ('R008', 'Al Qasba Promenade', 1),
    ('R008', 'Expo Centre', 2),
    ('R008', 'Al Ittihad Park', 3),
    ('R008', 'Sahara Centre', 4),
    ('R008', 'Al Majaz Waterfront', 5),
    ('R009', 'Al Jubail Souq', 1),
    ('R009', 'Al Mamzar Beach Park', 2),
    ('R009', 'City Centre Sharjah', 3),
    ('R009', 'Expo Centre', 4),
    ('R010', 'Al Dhaid Oasis', 1),
    ('R010', 'Al Qasimia University', 2),
    ('R010', 'Al Jazeerah Park', 3),
    ('R010', 'Al Layyah Park', 4),
    ('R010', 'Al Dhaid Wildlife Centre', 5),
    ('R010', 'Rolla Square', 6);